BatteryName,Price
48D23L 50AH,250
48D23R 50AH,250
55D23L 55AH,255
55D23R 55AH,255
55D23L 60AH,275
55D23R 60AH,275
80D26L 70AH,300
80D26R 70AH,300
95D31L 90AH,365
95D31R 90AH,365
105D31L 100AH,385
105D31R 100AH,385
NS40L 35AH,185
NS40R 35AH,185
NS60LS 45AH,225
NS60RS 45AH,225
NS60L 45AH,225
NS60R 45AH,225
DIN44L 45AH,225
DIN44R 45AH,225
DIN55L 55AH,250
DIN55R 55AH,250
DIN55L 60AH,265
DIN55R 60AH,265
DIN66L 66AH,285
DIN66R 66AH,285
DIN74L 74AH,310
DIN74R 74AH,310
65-72S 75AH,350
DIN80L 80AH,340
DIN88L 88AH,380
DIN100L 100AH,415
N100L 100AH,415
N100R 120AH,415
N120L 120AH,475
N120R 120AH,475
N150L 150AH,525
N150R 150AH,525
N170L 170AH,575
N170R 170AH,575
N200L 200AH,650
N200R 200AH,650
NS40R 35AH BH,185
NS40L 35AH BH,185
